timeStamp,elapsed,label,responseCode,responseMessage,threadName,dataType,success,failureMessage,bytes,sentBytes,grpThreads,allThreads,URL,Latency,IdleTime,Connect
1587663503486,13802,https://www.driveu.in/,200,OK,Thread Group 1-1,text,true,,1270088,18710,1,1,https://www.driveu.in/,950,0,735
1587663503486,1140,https://www.driveu.in/-0,200,OK,Thread Group 1-1,text,true,,32126,402,1,1,https://www.driveu.in/,950,0,735
1587663504714,5780,https://www.driveu.in/-1,200,OK,Thread Group 1-1,text,true,,44034,420,1,1,https://wchat.freshchat.com/js/widget.js,4505,0,3963
1587663504715,1183,https://www.driveu.in/-2,200,OK,Thread Group 1-1,bin,true,,3897,431,1,1,https://www.driveu.in/static/web/images/favicon.png,1183,0,886
1587663504714,393,https://www.driveu.in/-3,200,OK,Thread Group 1-1,text,true,,73346,429,1,1,https://www.driveu.in/static/web/v4/css/style.css,197,0,0
1587663504714,1433,https://www.driveu.in/-4,200,OK,Thread Group 1-1,text,true,,14869,437,1,1,https://www.driveu.in/static/web/v4/css/media-queries.css,1433,0,843
1587663504715,172,https://www.driveu.in/-5,200,OK,Thread Group 1-1,text,true,,7878,438,1,1,"https://fonts.googleapis.com/css?family=Roboto:300,400,500",170,0,107
1587663504715,1413,https://www.driveu.in/-6,200,OK,Thread Group 1-1,text,true,,3741,440,1,1,https://www.driveu.in/static/web/v4/css/owl.carousel.min.css,1413,0,1090
1587663505187,1270,https://www.driveu.in/-7,200,OK,Thread Group 1-1,text,true,,1403,445,1,1,https://www.driveu.in/static/web/v4/css/owl.theme.default.min.css,1270,0,982
1587663505298,963,https://www.driveu.in/-8,200,OK,Thread Group 1-1,text,true,,57487,431,1,1,https://www.driveu.in/static/web/v4/css/animate.css,786,0,477
1587663505899,1160,https://www.driveu.in/-9,200,OK,Thread Group 1-1,bin,true,,599,432,1,1,https://www.driveu.in/static/web/v4/images/close.png,1160,0,853
1587663506133,653,https://www.driveu.in/-10,200,OK,Thread Group 1-1,bin,true,,4972,443,1,1,https://www.driveu.in/static/web/v4/images/google-play-menu.png,653,0,496
1587663506161,1232,https://www.driveu.in/-11,200,OK,Thread Group 1-1,bin,true,,4630,441,1,1,https://www.driveu.in/static/web/v4/images/app-store-menu.png,1232,0,908
1587663506312,151,https://www.driveu.in/-12,200,OK,Thread Group 1-1,bin,true,,560,436,1,1,https://www.driveu.in/static/web/v4/images/menu-icon.png,151,0,0
1587663506460,286,https://www.driveu.in/-13,200,OK,Thread Group 1-1,bin,true,,3243,431,1,1,https://www.driveu.in/static/web/v4/images/logo.png,285,0,0
1587663506463,164,https://www.driveu.in/-14,200,OK,Thread Group 1-1,bin,true,,1861,436,1,1,https://www.driveu.in/static/web/v4/images/call-icon.jpg,164,0,0
1587663506628,157,https://www.driveu.in/-15,200,OK,Thread Group 1-1,bin,true,,1848,440,1,1,https://www.driveu.in/static/web/v4/images/download-icon.jpg,157,0,0
1587663506746,308,https://www.driveu.in/-16,200,OK,Thread Group 1-1,bin,true,,1082,437,1,1,https://www.driveu.in/static/web/v4/images/phone-icon.png,308,0,0
1587663506785,153,https://www.driveu.in/-17,200,OK,Thread Group 1-1,bin,true,,1156,442,1,1,https://www.driveu.in/static/web/v4/images/play-store-icon.png,153,0,0
1587663506786,720,https://www.driveu.in/-18,200,OK,Thread Group 1-1,bin,true,,122771,435,1,1,https://www.driveu.in/static/web/v4/images/banner01.jpg,323,0,0
1587663506938,538,https://www.driveu.in/-19,200,OK,Thread Group 1-1,bin,true,,183173,435,1,1,https://www.driveu.in/static/web/v4/images/banner02.jpg,165,0,0
1587663507054,1928,https://www.driveu.in/-20,200,OK,Thread Group 1-1,bin,true,,126923,435,1,1,https://www.driveu.in/static/web/v4/images/banner03.jpg,663,0,0
1587663507059,335,https://www.driveu.in/-21,200,OK,Thread Group 1-1,bin,true,,537,441,1,1,https://www.driveu.in/static/web/v4/images/input-dropdown.png,335,0,0
1587663507394,315,https://www.driveu.in/-22,200,OK,Thread Group 1-1,bin,true,,1099,436,1,1,https://www.driveu.in/static/web/v4/images/hatchback.png,315,0,0
1587663507395,639,https://www.driveu.in/-23,200,OK,Thread Group 1-1,bin,true,,1092,432,1,1,https://www.driveu.in/static/web/v4/images/sedan.png,639,0,487
1587663507476,1508,https://www.driveu.in/-24,200,OK,Thread Group 1-1,bin,true,,1089,434,1,1,https://www.driveu.in/static/web/v4/images/suv-muv.png,1508,0,1026
1587663507507,161,https://www.driveu.in/-25,200,OK,Thread Group 1-1,bin,true,,1053,433,1,1,https://www.driveu.in/static/web/v4/images/luxury.png,161,0,0
1587663507669,165,https://www.driveu.in/-26,200,OK,Thread Group 1-1,bin,true,,10655,438,1,1,https://www.driveu.in/static/web/v4/images/catch-drive.jpg,165,0,0
1587663507709,303,https://www.driveu.in/-27,200,OK,Thread Group 1-1,bin,true,,9602,435,1,1,https://www.driveu.in/static/web/v4/images/tracking.jpg,303,0,0
1587663507835,165,https://www.driveu.in/-28,200,OK,Thread Group 1-1,bin,true,,10118,436,1,1,https://www.driveu.in/static/web/v4/images/insurance.jpg,165,0,0
1587663508000,430,https://www.driveu.in/-29,200,OK,Thread Group 1-1,bin,true,,72412,439,1,1,https://www.driveu.in/static/web/v4/images/city-drivers.jpg,185,0,0
1587663508013,2211,https://www.driveu.in/-30,200,OK,Thread Group 1-1,bin,true,,76209,445,1,1,https://www.driveu.in/static/web/v4/images/outstation-drivers.jpg,729,0,0
1587663508035,2184,https://www.driveu.in/-31,200,OK,Thread Group 1-1,bin,true,,172101,437,1,1,https://www.driveu.in/static/web/v4/images/book-image.jpg,469,0,0
1587663508430,2605,https://www.driveu.in/-32,200,OK,Thread Group 1-1,bin,true,,6416,438,1,1,https://www.driveu.in/static/web/v4/images/google-play.png,2605,0,2065
1587663508983,2399,https://www.driveu.in/-33,200,OK,Thread Group 1-1,bin,true,,5779,436,1,1,https://www.driveu.in/static/web/v4/images/app-store.png,2399,0,2039
1587663508986,971,https://www.driveu.in/-34,200,OK,Thread Group 1-1,bin,true,,3289,438,1,1,https://www.driveu.in/static/web/v4/images/footer-logo.png,971,0,0
1587663509958,2507,https://www.driveu.in/-35,200,OK,Thread Group 1-1,bin,true,,730,440,1,1,https://www.driveu.in/static/web/v4/images/logo-facebook.png,2507,0,1946
1587663510220,2299,https://www.driveu.in/-36,200,OK,Thread Group 1-1,bin,true,,896,441,1,1,https://www.driveu.in/static/web/v4/images/logo-instagram.png,2299,0,1908
1587663510225,2296,https://www.driveu.in/-37,200,OK,Thread Group 1-1,bin,true,,845,439,1,1,https://www.driveu.in/static/web/v4/images/logo-youtube.png,2296,0,1903
1587663510496,2021,https://www.driveu.in/-38,200,OK,Thread Group 1-1,bin,true,,1219,439,1,1,https://www.driveu.in/static/web/v4/images/logo-twitter.png,2021,0,1619
1587663511037,2912,https://www.driveu.in/-39,200,OK,Thread Group 1-1,text,true,,87326,432,1,1,https://www.driveu.in/static/web/v4/js/jquery.min.js,2314,0,1479
1587663511382,2266,https://www.driveu.in/-40,200,OK,Thread Group 1-1,text,true,,90391,434,1,1,https://www.driveu.in/static/web/v4/js/owl.carousel.js,1510,0,1083
1587663512465,2248,https://www.driveu.in/-41,200,OK,Thread Group 1-1,text,true,,15951,425,1,1,https://www.driveu.in/static/web/v4/js/wow.js,2248,0,1211
1587663512518,4771,https://www.driveu.in/-42,200,OK,Thread Group 1-1,text,true,,9680,426,1,1,https://www.driveu.in/static/web/v4/js/main.js,4771,0,4169
1587663517791,6917,https://www.driveu.in/car-drivers-for-hire-ahmedabad/,200,OK,Thread Group 1-1,text,true,,1262996,23217,1,1,https://www.driveu.in/car-drivers-for-hire-ahmedabad/,1005,0,641
1587663517791,1337,https://www.driveu.in/car-drivers-for-hire-ahmedabad/-0,200,OK,Thread Group 1-1,text,true,,31736,433,1,1,https://www.driveu.in/car-drivers-for-hire-ahmedabad/,1005,0,641
1587663519147,1020,https://www.driveu.in/car-drivers-for-hire-ahmedabad/-1,304,Not Modified,Thread Group 1-1,,true,,433,470,1,1,https://wchat.freshchat.com/js/widget.js,0,0,768
1587663519147,1267,https://www.driveu.in/car-drivers-for-hire-ahmedabad/-2,304,Not Modified,Thread Group 1-1,,true,,270,569,1,1,https://www.driveu.in/static/web/images/favicon.png,0,0,956
1587663519147,157,https://www.driveu.in/car-drivers-for-hire-ahmedabad/-3,304,Not Modified,Thread Group 1-1,,true,,271,569,1,1,https://www.driveu.in/static/web/v4/css/style.css,0,0,0
1587663519147,636,https://www.driveu.in/car-drivers-for-hire-ahmedabad/-4,304,Not Modified,Thread Group 1-1,,true,,271,576,1,1,https://www.driveu.in/static/web/v4/css/media-queries.css,0,0,480
1587663519147,139,https://www.driveu.in/car-drivers-for-hire-ahmedabad/-5,200,OK,Thread Group 1-1,text,true,,7878,488,1,1,"https://fonts.googleapis.com/css?family=Roboto:300,400,500",137,0,75
1587663519147,1345,https://www.driveu.in/car-drivers-for-hire-ahmedabad/-6,304,Not Modified,Thread Group 1-1,,true,,270,578,1,1,https://www.driveu.in/static/web/v4/css/owl.carousel.min.css,0,0,1014
1587663519287,634,https://www.driveu.in/car-drivers-for-hire-ahmedabad/-7,304,Not Modified,Thread Group 1-1,,true,,270,583,1,1,https://www.driveu.in/static/web/v4/css/owl.theme.default.min.css,0,0,481
1587663519305,635,https://www.driveu.in/car-drivers-for-hire-ahmedabad/-8,304,Not Modified,Thread Group 1-1,,true,,271,570,1,1,https://www.driveu.in/static/web/v4/css/animate.css,0,0,481
1587663519783,1223,https://www.driveu.in/car-drivers-for-hire-ahmedabad/-9,304,Not Modified,Thread Group 1-1,,true,,269,569,1,1,https://www.driveu.in/static/web/v4/images/close.png,0,0,898
1587663519922,153,https://www.driveu.in/car-drivers-for-hire-ahmedabad/-10,304,Not Modified,Thread Group 1-1,,true,,270,582,1,1,https://www.driveu.in/static/web/v4/images/google-play-menu.png,0,0,0
1587663519941,159,https://www.driveu.in/car-drivers-for-hire-ahmedabad/-11,304,Not Modified,Thread Group 1-1,,true,,270,580,1,1,https://www.driveu.in/static/web/v4/images/app-store-menu.png,0,0,0
1587663520076,153,https://www.driveu.in/car-drivers-for-hire-ahmedabad/-12,304,Not Modified,Thread Group 1-1,,true,,268,573,1,1,https://www.driveu.in/static/web/v4/images/menu-icon.png,0,0,0
1587663520101,154,https://www.driveu.in/car-drivers-for-hire-ahmedabad/-13,304,Not Modified,Thread Group 1-1,,true,,269,569,1,1,https://www.driveu.in/static/web/v4/images/logo.png,0,0,0
1587663520167,1482,https://www.driveu.in/car-drivers-for-hire-ahmedabad/-14,304,Not Modified,Thread Group 1-1,,true,,270,574,1,1,https://www.driveu.in/static/web/v4/images/call-icon.jpg,0,0,1111
1587663520230,155,https://www.driveu.in/car-drivers-for-hire-ahmedabad/-15,304,Not Modified,Thread Group 1-1,,true,,269,578,1,1,https://www.driveu.in/static/web/v4/images/download-icon.jpg,0,0,0
1587663520256,154,https://www.driveu.in/car-drivers-for-hire-ahmedabad/-16,304,Not Modified,Thread Group 1-1,,true,,269,575,1,1,https://www.driveu.in/static/web/v4/images/phone-icon.png,0,0,0
1587663520385,153,https://www.driveu.in/car-drivers-for-hire-ahmedabad/-17,304,Not Modified,Thread Group 1-1,,true,,269,580,1,1,https://www.driveu.in/static/web/v4/images/play-store-icon.png,0,0,0
1587663520410,154,https://www.driveu.in/car-drivers-for-hire-ahmedabad/-18,304,Not Modified,Thread Group 1-1,,true,,268,578,1,1,https://www.driveu.in/static/web/v4/images/input-dropdown.png,0,0,0
1587663520414,1439,https://www.driveu.in/car-drivers-for-hire-ahmedabad/-19,304,Not Modified,Thread Group 1-1,,true,,270,574,1,1,https://www.driveu.in/static/web/v4/images/hatchback.png,0,0,1079
1587663520492,680,https://www.driveu.in/car-drivers-for-hire-ahmedabad/-20,304,Not Modified,Thread Group 1-1,,true,,270,570,1,1,https://www.driveu.in/static/web/v4/images/sedan.png,0,0,514
1587663520539,159,https://www.driveu.in/car-drivers-for-hire-ahmedabad/-21,304,Not Modified,Thread Group 1-1,,true,,269,572,1,1,https://www.driveu.in/static/web/v4/images/suv-muv.png,0,0,0
1587663520565,154,https://www.driveu.in/car-drivers-for-hire-ahmedabad/-22,304,Not Modified,Thread Group 1-1,,true,,269,571,1,1,https://www.driveu.in/static/web/v4/images/luxury.png,0,0,0
1587663520699,528,https://www.driveu.in/car-drivers-for-hire-ahmedabad/-23,200,OK,Thread Group 1-1,bin,true,,73726,490,1,1,https://www.driveu.in/static/web/v4/images/trust-image.png,348,0,0
1587663520720,558,https://www.driveu.in/car-drivers-for-hire-ahmedabad/-24,200,OK,Thread Group 1-1,bin,true,,71752,491,1,1,https://www.driveu.in/static/web/v4/images/secure-image.png,340,0,0
1587663521007,917,https://www.driveu.in/car-drivers-for-hire-ahmedabad/-25,200,OK,Thread Group 1-1,bin,true,,66003,493,1,1,https://www.driveu.in/static/web/v4/images/anywhere-image.png,643,0,0
1587663521172,497,https://www.driveu.in/car-drivers-for-hire-ahmedabad/-26,200,OK,Thread Group 1-1,bin,true,,63035,493,1,1,https://www.driveu.in/static/web/v4/images/tracking-image.png,323,0,0
1587663521228,469,https://www.driveu.in/car-drivers-for-hire-ahmedabad/-27,200,OK,Thread Group 1-1,bin,true,,2112,488,1,1,https://www.driveu.in/static/web/v4/images/user-icon.png,469,0,0
1587663521278,2255,https://www.driveu.in/car-drivers-for-hire-ahmedabad/-28,200,OK,Thread Group 1-1,bin,true,,936844,498,1,1,https://www.driveu.in/static/web/v4/images/happy-drivers-image.png,174,0,0
1587663521649,380,https://www.driveu.in/car-drivers-for-hire-ahmedabad/-29,200,OK,Thread Group 1-1,bin,true,,848,492,1,1,https://www.driveu.in/static/web/v4/images/location-icon.png,380,0,0
1587663521669,161,https://www.driveu.in/car-drivers-for-hire-ahmedabad/-30,304,Not Modified,Thread Group 1-1,,true,,271,577,1,1,https://www.driveu.in/static/web/v4/images/book-image.jpg,0,0,0
1587663521697,640,https://www.driveu.in/car-drivers-for-hire-ahmedabad/-31,304,Not Modified,Thread Group 1-1,,true,,271,577,1,1,https://www.driveu.in/static/web/v4/images/google-play.png,0,0,489
1587663521830,168,https://www.driveu.in/car-drivers-for-hire-ahmedabad/-32,304,Not Modified,Thread Group 1-1,,true,,270,575,1,1,https://www.driveu.in/static/web/v4/images/app-store.png,0,0,0
1587663521854,329,https://www.driveu.in/car-drivers-for-hire-ahmedabad/-33,304,Not Modified,Thread Group 1-1,,true,,269,576,1,1,https://www.driveu.in/static/web/v4/images/footer-logo.png,0,0,0
1587663521925,1292,https://www.driveu.in/car-drivers-for-hire-ahmedabad/-34,304,Not Modified,Thread Group 1-1,,true,,270,578,1,1,https://www.driveu.in/static/web/v4/images/logo-facebook.png,0,0,954
1587663521999,152,https://www.driveu.in/car-drivers-for-hire-ahmedabad/-35,304,Not Modified,Thread Group 1-1,,true,,269,579,1,1,https://www.driveu.in/static/web/v4/images/logo-instagram.png,0,0,0
1587663522029,340,https://www.driveu.in/car-drivers-for-hire-ahmedabad/-36,304,Not Modified,Thread Group 1-1,,true,,269,577,1,1,https://www.driveu.in/static/web/v4/images/logo-youtube.png,0,0,0
1587663522152,160,https://www.driveu.in/car-drivers-for-hire-ahmedabad/-37,304,Not Modified,Thread Group 1-1,,true,,269,577,1,1,https://www.driveu.in/static/web/v4/images/logo-twitter.png,0,0,0
1587663522184,326,https://www.driveu.in/car-drivers-for-hire-ahmedabad/-38,304,Not Modified,Thread Group 1-1,,true,,270,572,1,1,https://www.driveu.in/static/web/v4/js/jquery.min.js,0,0,0
1587663522312,163,https://www.driveu.in/car-drivers-for-hire-ahmedabad/-39,304,Not Modified,Thread Group 1-1,,true,,270,574,1,1,https://www.driveu.in/static/web/v4/js/owl.carousel.js,0,0,0
1587663522337,1884,https://www.driveu.in/car-drivers-for-hire-ahmedabad/-40,304,Not Modified,Thread Group 1-1,,true,,269,564,1,1,https://www.driveu.in/static/web/v4/js/wow.js,0,0,0
1587663522369,2339,https://www.driveu.in/car-drivers-for-hire-ahmedabad/-41,304,Not Modified,Thread Group 1-1,,true,,270,565,1,1,https://www.driveu.in/static/web/v4/js/main.js,0,0,2001
1587663533625,3685,https://www.driveu.in/tnc/,200,OK,Thread Group 1-1,text,true,,152482,15582,1,1,https://www.driveu.in/tnc/,690,0,493
1587663533625,1175,https://www.driveu.in/tnc/-0,200,OK,Thread Group 1-1,text,true,,136889,458,1,1,https://www.driveu.in/tnc/,690,0,493
1587663534811,1035,https://www.driveu.in/tnc/-1,304,Not Modified,Thread Group 1-1,,true,,433,470,1,1,https://wchat.freshchat.com/js/widget.js,0,0,782
1587663534811,629,https://www.driveu.in/tnc/-2,304,Not Modified,Thread Group 1-1,,true,,270,519,1,1,https://www.driveu.in/static/web/images/favicon.png,0,0,478
1587663534811,1331,https://www.driveu.in/tnc/-3,304,Not Modified,Thread Group 1-1,,true,,272,519,1,1,https://www.driveu.in/static/web/v4/css/style.css,0,0,992
1587663534811,630,https://www.driveu.in/tnc/-4,304,Not Modified,Thread Group 1-1,,true,,271,526,1,1,https://www.driveu.in/static/web/v4/css/media-queries.css,0,0,478
1587663534811,117,https://www.driveu.in/tnc/-5,200,OK,Thread Group 1-1,text,true,,7878,488,1,1,"https://fonts.googleapis.com/css?family=Roboto:300,400,500",115,0,69
1587663534811,155,https://www.driveu.in/tnc/-6,304,Not Modified,Thread Group 1-1,,true,,269,528,1,1,https://www.driveu.in/static/web/v4/css/owl.carousel.min.css,0,0,0
1587663534930,629,https://www.driveu.in/tnc/-7,304,Not Modified,Thread Group 1-1,,true,,270,533,1,1,https://www.driveu.in/static/web/v4/css/owl.theme.default.min.css,0,0,477
1587663534966,642,https://www.driveu.in/tnc/-8,304,Not Modified,Thread Group 1-1,,true,,271,520,1,1,https://www.driveu.in/static/web/v4/css/animate.css,0,0,488
1587663535440,634,https://www.driveu.in/tnc/-9,304,Not Modified,Thread Group 1-1,,true,,269,519,1,1,https://www.driveu.in/static/web/v4/images/close.png,0,0,467
1587663535441,1260,https://www.driveu.in/tnc/-10,304,Not Modified,Thread Group 1-1,,true,,271,532,1,1,https://www.driveu.in/static/web/v4/images/google-play-menu.png,0,0,979
1587663535560,152,https://www.driveu.in/tnc/-11,304,Not Modified,Thread Group 1-1,,true,,270,530,1,1,https://www.driveu.in/static/web/v4/images/app-store-menu.png,0,0,0
1587663535608,153,https://www.driveu.in/tnc/-12,304,Not Modified,Thread Group 1-1,,true,,268,523,1,1,https://www.driveu.in/static/web/v4/images/menu-icon.png,0,0,0
1587663535712,154,https://www.driveu.in/tnc/-13,304,Not Modified,Thread Group 1-1,,true,,269,519,1,1,https://www.driveu.in/static/web/v4/images/logo.png,0,0,0
1587663535762,154,https://www.driveu.in/tnc/-14,304,Not Modified,Thread Group 1-1,,true,,269,524,1,1,https://www.driveu.in/static/web/v4/images/call-icon.jpg,0,0,0
1587663535846,1236,https://www.driveu.in/tnc/-15,304,Not Modified,Thread Group 1-1,,true,,270,528,1,1,https://www.driveu.in/static/web/v4/images/download-icon.jpg,0,0,927
1587663535867,153,https://www.driveu.in/tnc/-16,304,Not Modified,Thread Group 1-1,,true,,269,525,1,1,https://www.driveu.in/static/web/v4/images/phone-icon.png,0,0,0
1587663535916,160,https://www.driveu.in/tnc/-17,304,Not Modified,Thread Group 1-1,,true,,269,530,1,1,https://www.driveu.in/static/web/v4/images/play-store-icon.png,0,0,0
1587663536024,153,https://www.driveu.in/tnc/-18,304,Not Modified,Thread Group 1-1,,true,,271,527,1,1,https://www.driveu.in/static/web/v4/images/book-image.jpg,0,0,0
1587663536074,151,https://www.driveu.in/tnc/-19,304,Not Modified,Thread Group 1-1,,true,,270,527,1,1,https://www.driveu.in/static/web/v4/images/google-play.png,0,0,0
1587663536076,157,https://www.driveu.in/tnc/-20,304,Not Modified,Thread Group 1-1,,true,,270,525,1,1,https://www.driveu.in/static/web/v4/images/app-store.png,0,0,0
1587663536142,1168,https://www.driveu.in/tnc/-21,304,Not Modified,Thread Group 1-1,,true,,270,526,1,1,https://www.driveu.in/static/web/v4/images/footer-logo.png,0,0,861
1587663536177,153,https://www.driveu.in/tnc/-22,304,Not Modified,Thread Group 1-1,,true,,269,528,1,1,https://www.driveu.in/static/web/v4/images/logo-facebook.png,0,0,0
1587663536226,151,https://www.driveu.in/tnc/-23,304,Not Modified,Thread Group 1-1,,true,,269,529,1,1,https://www.driveu.in/static/web/v4/images/logo-instagram.png,0,0,0
1587663536233,154,https://www.driveu.in/tnc/-24,304,Not Modified,Thread Group 1-1,,true,,269,527,1,1,https://www.driveu.in/static/web/v4/images/logo-youtube.png,0,0,0
1587663536331,152,https://www.driveu.in/tnc/-25,304,Not Modified,Thread Group 1-1,,true,,269,527,1,1,https://www.driveu.in/static/web/v4/images/logo-twitter.png,0,0,0
1587663536377,156,https://www.driveu.in/tnc/-26,304,Not Modified,Thread Group 1-1,,true,,270,522,1,1,https://www.driveu.in/static/web/v4/js/jquery.min.js,0,0,0
1587663536387,155,https://www.driveu.in/tnc/-27,304,Not Modified,Thread Group 1-1,,true,,270,524,1,1,https://www.driveu.in/static/web/v4/js/owl.carousel.js,0,0,0
1587663536484,152,https://www.driveu.in/tnc/-28,304,Not Modified,Thread Group 1-1,,true,,269,514,1,1,https://www.driveu.in/static/web/v4/js/wow.js,0,0,0
1587663536534,151,https://www.driveu.in/tnc/-29,304,Not Modified,Thread Group 1-1,,true,,269,515,1,1,https://www.driveu.in/static/web/v4/js/main.js,0,0,0
1587663537312,4515,https://www.driveu.in/privacy-policy/,200,OK,Thread Group 1-1,text,true,,43524,15593,1,1,https://www.driveu.in/privacy-policy/,1560,0,1187
1587663537312,1913,https://www.driveu.in/privacy-policy/-0,200,OK,Thread Group 1-1,text,true,,27931,469,1,1,https://www.driveu.in/privacy-policy/,1560,0,1187
1587663539229,1053,https://www.driveu.in/privacy-policy/-1,304,Not Modified,Thread Group 1-1,,true,,433,470,1,1,https://wchat.freshchat.com/js/widget.js,0,0,802
1587663539229,1412,https://www.driveu.in/privacy-policy/-2,304,Not Modified,Thread Group 1-1,,true,,270,519,1,1,https://www.driveu.in/static/web/images/favicon.png,0,0,1061
1587663539229,337,https://www.driveu.in/privacy-policy/-3,304,Not Modified,Thread Group 1-1,,true,,271,519,1,1,https://www.driveu.in/static/web/v4/css/style.css,0,0,0
1587663539229,623,https://www.driveu.in/privacy-policy/-4,304,Not Modified,Thread Group 1-1,,true,,271,526,1,1,https://www.driveu.in/static/web/v4/css/media-queries.css,0,0,472
1587663539229,125,https://www.driveu.in/privacy-policy/-5,200,OK,Thread Group 1-1,text,true,,7878,488,1,1,"https://fonts.googleapis.com/css?family=Roboto:300,400,500",125,0,72
1587663539229,1232,https://www.driveu.in/privacy-policy/-6,304,Not Modified,Thread Group 1-1,,true,,270,528,1,1,https://www.driveu.in/static/web/v4/css/owl.carousel.min.css,0,0,926
1587663539355,632,https://www.driveu.in/privacy-policy/-7,304,Not Modified,Thread Group 1-1,,true,,270,533,1,1,https://www.driveu.in/static/web/v4/css/owl.theme.default.min.css,0,0,482
1587663539566,1403,https://www.driveu.in/privacy-policy/-8,304,Not Modified,Thread Group 1-1,,true,,271,520,1,1,https://www.driveu.in/static/web/v4/css/animate.css,0,0,1067
1587663539853,614,https://www.driveu.in/privacy-policy/-9,304,Not Modified,Thread Group 1-1,,true,,269,519,1,1,https://www.driveu.in/static/web/v4/images/close.png,0,0,464
1587663539988,150,https://www.driveu.in/privacy-policy/-10,304,Not Modified,Thread Group 1-1,,true,,270,532,1,1,https://www.driveu.in/static/web/v4/images/google-play-menu.png,0,0,0
1587663540139,161,https://www.driveu.in/privacy-policy/-11,304,Not Modified,Thread Group 1-1,,true,,270,530,1,1,https://www.driveu.in/static/web/v4/images/app-store-menu.png,0,0,0
1587663540282,1364,https://www.driveu.in/privacy-policy/-12,304,Not Modified,Thread Group 1-1,,true,,269,523,1,1,https://www.driveu.in/static/web/v4/images/menu-icon.png,0,0,1031
1587663540300,154,https://www.driveu.in/privacy-policy/-13,304,Not Modified,Thread Group 1-1,,true,,269,519,1,1,https://www.driveu.in/static/web/v4/images/logo.png,0,0,0
1587663540454,152,https://www.driveu.in/privacy-policy/-14,304,Not Modified,Thread Group 1-1,,true,,269,524,1,1,https://www.driveu.in/static/web/v4/images/call-icon.jpg,0,0,0
1587663540461,1366,https://www.driveu.in/privacy-policy/-15,304,Not Modified,Thread Group 1-1,,true,,270,528,1,1,https://www.driveu.in/static/web/v4/images/download-icon.jpg,0,0,1050
1587663540468,150,https://www.driveu.in/privacy-policy/-16,304,Not Modified,Thread Group 1-1,,true,,269,525,1,1,https://www.driveu.in/static/web/v4/images/phone-icon.png,0,0,0
1587663540606,153,https://www.driveu.in/privacy-policy/-17,304,Not Modified,Thread Group 1-1,,true,,269,530,1,1,https://www.driveu.in/static/web/v4/images/play-store-icon.png,0,0,0
1587663540619,154,https://www.driveu.in/privacy-policy/-18,304,Not Modified,Thread Group 1-1,,true,,271,527,1,1,https://www.driveu.in/static/web/v4/images/book-image.jpg,0,0,0
1587663540641,955,https://www.driveu.in/privacy-policy/-19,304,Not Modified,Thread Group 1-1,,true,,271,527,1,1,https://www.driveu.in/static/web/v4/images/google-play.png,0,0,684
1587663540759,151,https://www.driveu.in/privacy-policy/-20,304,Not Modified,Thread Group 1-1,,true,,270,525,1,1,https://www.driveu.in/static/web/v4/images/app-store.png,0,0,0
1587663540774,164,https://www.driveu.in/privacy-policy/-21,304,Not Modified,Thread Group 1-1,,true,,269,526,1,1,https://www.driveu.in/static/web/v4/images/footer-logo.png,0,0,0
1587663540910,151,https://www.driveu.in/privacy-policy/-22,304,Not Modified,Thread Group 1-1,,true,,269,528,1,1,https://www.driveu.in/static/web/v4/images/logo-facebook.png,0,0,0
1587663540938,151,https://www.driveu.in/privacy-policy/-23,304,Not Modified,Thread Group 1-1,,true,,269,529,1,1,https://www.driveu.in/static/web/v4/images/logo-instagram.png,0,0,0
1587663540969,327,https://www.driveu.in/privacy-policy/-24,304,Not Modified,Thread Group 1-1,,true,,269,527,1,1,https://www.driveu.in/static/web/v4/images/logo-youtube.png,0,0,0
1587663541061,151,https://www.driveu.in/privacy-policy/-25,304,Not Modified,Thread Group 1-1,,true,,269,527,1,1,https://www.driveu.in/static/web/v4/images/logo-twitter.png,0,0,0
1587663541089,152,https://www.driveu.in/privacy-policy/-26,304,Not Modified,Thread Group 1-1,,true,,270,522,1,1,https://www.driveu.in/static/web/v4/js/jquery.min.js,0,0,0
1587663541213,152,https://www.driveu.in/privacy-policy/-27,304,Not Modified,Thread Group 1-1,,true,,270,524,1,1,https://www.driveu.in/static/web/v4/js/owl.carousel.js,0,0,0
1587663541241,152,https://www.driveu.in/privacy-policy/-28,304,Not Modified,Thread Group 1-1,,true,,269,514,1,1,https://www.driveu.in/static/web/v4/js/wow.js,0,0,0
1587663541296,336,https://www.driveu.in/privacy-policy/-29,304,Not Modified,Thread Group 1-1,,true,,269,515,1,1,https://www.driveu.in/static/web/v4/js/main.js,0,0,0
1587663503412,28919,Test,200,"Number of samples in transaction : 4, number of failing samples : 0",Thread Group 1-1,,true,,2729090,73102,1,1,null,4205,9500,3056
